Name,Age,Date of Birth,Nationality,Birthplace,FIFA ID,Debut,Position,League,Club,Height,Weight in lbs,Preferred foot,Matches,Goals,Assists,Penalties Scored,Penalties Missed,Goals Conceded,Yellow Cards,Red Cards
Lionel Messi,33,1987,ARGENTINA,ARGENTINA,158023,1994,RW ST CF,SPAIN PRIMERA DIVISION,FC BARCELONA,"5'7""",159,LEFT,499,453,186,60,12,0,49,0
Cristiano Ronaldo,35,1985,PORTUGAL,PORTUGAL,20801,2001,ST LW,ITALIAN SERIE A,JUVENTUS,"6'2""",183,RIGHT,588,464,146,93,15,0,72,8
Xavi,40,1980,SPAIN,SPAIN,10535,1997,CM,SPAIN PRIMERA DIVISION,FC BARCELONA,"5'7""",148,RIGHT,505,58,105,0,2,0,41,1
Andres Iniesta,36,1984,SPAIN,SPAIN,41,2000,CM CAM,JAPANESE J LEAGUE DIVISION ,VISSEL KOBE,"5'7""",150,RIGHT,505,48,80,6,1,0,39,0
Zlatan Ibrahimovic,39,1981,BOSNIA,SWEDEN,41236,1999,ST ,ITALIAN SERIE A,MILAN,"6'5""",209,RIGHT,565,378,133,66,12,0,94,9
Radamel Falcao,34,1986,COLOMBIA,COLOMBIA,167397,1999,ST,TURKISH SUPER LIG,GALATASARAY SK,"5'10""",159,RIGHT,287,178,22,33,7,0,45,1
Robin van Persie,37,1983,NETHERLANDS,NETHERLANDS,7826,2000,ST CAM,HOLLAND EREDIVISIE,FEYENOORD,"6'2""",157,LEFT,435,204,78,21,6,0,61,4
Andrea Pirlo,41,1979,ITALY,ITALY,7763,1994,CM CDM,USA MAJOR LEAGUE SOCCER,NEW YORK CITY FC,"5'10""",150,RIGHT,554,59,97,14,8,0,80 ,3
Yaya Toure,37,1983,COTE D IVOIRE,COTE D IVOIRE,20289,2001,CM CDM,GREEK SUPER LEAGUE,OLYMPIACOS CFP,"6'3""",203,RIGHT,398,74,44,11,0,0,59,3
Edinson Cavani,33,1987,URUGUAY,URUGUAY,179813,2005,ST,ENGLISH PREMIER LEAGUE,MANCHESTER UNITED,"6'1""",170,RIGHT,422,253,41,38,13,0,51,2
Sergio Aguero,32,1988,ARGENTINA,ARGENTINA,153079,2003,ST,ENGLISH PREMIER LEAGUE,MANCHESTER CITY,"5'8""",154,RIGHT,443,255,72,27,5,0,52,3
Iker Casillas,39,1981,SPAIN,SPAIN,5479,1996,GK,PORTUGUESE LIGA ZON SAGRES,FC PORTO,"6'1""",185,LEFT,626,0,0,0,0,598,0,0
Neymar,28,1992,BRAZIL,BRAZIL,190871,2009,LW CAM,FRENCH LIGUE,PARIS SAINT GERMAIN,"5'9""",150,RIGHT,182,118,67,22,3,0,38,6
Sergio Busquets,32,1988,SPAIN,SPAIN,189511,2006,CDM CM,SPAIN PRIMERA DIVISION,FC BARCELONA,"6'2""",168,RIGHT,394,8,20,0,0,0,104,1
Xabi Alonso,39,1981,SPAIN,SPAIN,45197,1999,CDM CM,GERMAN BUNDESLIGA,FC BAYERN MUNCHEN,"6'0""",176,RIGHT,496,32,52,3,1,0,132,3
Thiago Silva,36,1984,BRAZIL,BRAZIL,164240,2002,CB,ENGLISH PREMIER LEAGUE,CHELSEA,"6'0""",174,RIGHT,309,16,5,0,0,0,26,1
Mesut Ozil,32,1988,GERMANY,GERMANY,176635,2006,CAM RW,ENGLISH PREMIER LEAGUE,ARSENAL,"5'11""",157,LEFT,390,65,130,1,1,0,29,2
David Silva,34,1986,SPAIN,SPAIN,168542,2001,CAM CM,SPAIN PRIMERA DIVISION,REAL SOCIEDAD,"5'8""",148,LEFT,508,91,120,0,1,0,65,2
Bastian Schweinsteiger,36,1984,GERMANY,GERMANY,121944,1998,CB,NOT FOUND,NOT FOUND,"6'0""",174,RIGHT,445,54,68,1,2,0,81,0
Gianluigi Buffon,42,1978,ITALY,ITALY,1179,1995,GK,ITALIAN SERIE A,JUVENTUS,"6'4""",203,RIGHT,639,0,0,0,0,517,0,0
Luis Suarez,33,1987,URUGUAY,URUGUAY,176580,2005,ST,SPAIN PRIMERA DIVISION,ATLETICO MADRID,"6'0""",183,RIGHT,452,315,140,27,5,0,90,0
Sergio Ramos,34,1986,SPAIN,SPAIN,155862,2002,CB,SPAIN PRIMERA DIVISION,REAL MADRID,"6'0""",181,RIGHT,506,74,26,16,1,0,173,22
Vincent Kompany,34,1986,BELGIUM,BELGIUM,139720,2003,CB,BELGIAN JUPILER PRO LEAGUE,RSC ANDERLECHT,"6'3""",187,RIGHT,382,25,9,0,0,0,72,5
Gerard Pique,33,1987,SPAIN,SPAIN,152729,2002,CB,SPAIN PRIMERA DIVISION,FC BARCELONA,"6'4""",187,RIGHT,385,30,6,0,0,0,101,6
Philipp Lahm,37,1983,GERMANY,GERMANY,121939,2001,RB CDM CM,GERMAN BUNDESLIGA,FC BAYERN MUNCHEN,"5'7""",146,RIGHT,385,14,40,2,1,0,24,0
Willian,32,1988,BRAZIL,BRAZIL,180403,2006,RW LW RM,ENGLISH PREMIER LEAGUE,ARSENAL,"5'9""",170,RIGHT,398,58,75,5,1,0,34,1
Marco Reus,31,1989,GERMANY,GERMANY,188350,2007,CAM CF,GERMAN BUNDESLIGA,BORUSSIA DORTMUND,"5'11""",157,RIGHT,319,134,67,13,3,0,37,3
Franck Ribery,37,1983,FRANCE,FRANCE,156616,2000,CF LM LW,ITALIAN SERIE A,FIORENTINA,"5'7""",159,RIGHT,401,101,122,3,3,0,52,2
Manuel Neuer,34,1986,GERMANY,GERMANY,167495,2004,GK,GERMAN BUNDESLIGA,FC BAYERN MUNCHEN,"6'4""",203,RIGHT,419,0,0,0,0,339,0,0
Ashley Cole,40,1980,UNITED KINGDOM,UNITED KINGDOM,34079,1998,LB,ENGLISH LEAGUE CHAMPIONSHIP,DERBY COUNTY,"5'9""",146,LEFT,491,18,46,0,0,0,78,9
Wayne Rooney,35,1985,UNITED KINGDOM,UNITED KINGDOM,54050,2000,CM CDM CAM,ENGLISH LEAGUE CHAMPIONSHIP,DERBY COUNTY,"5'9""",183,RIGHT,569,237,126,32,11,0,110,5
Juan Mata,32,1988,SPAIN,SPAIN,178088,2004,CAM RM,ENGLISH PREMIER LEAGUE,MANCHESTER UNITED,"5'7""",139,LEFT,436,93,87,4,0,0,35,1
Thomas Muller,31,1989,GERMANY,GERMANY,189596,2007,CAM RM RW,GERMAN BUNDESLIGA,FC BAYERN MUNCHEN,"6'1""",165,RIGHT,365,124,124,14,2,0,23,0
Mario Götze,28,1992,GERMANY,GERMANY,192318,2007,CAM CM,HOLLAND EREDIVISIE,PSV,"5'9""",157,RIGHT,239,60,52,2,0,0,11,1
Karim Benzema,33,1987,FRANCE,FRANCE,165153,2004,CF ST,SPAIN PRIMERA DIVISION,REAL MADRID,"6'1""",179,RIGHT,476,220,99,13,2,0,9,0
Cesc Fabregas,33,1987,SPAIN,SPAIN,162895,2003,CM CAM CDM,FRENCH LIGUE,AS MONACO,"5'10""",168,RIGHT,487,80,144,8,2,0,94,5
Oscar,29,1991,BRAZIL,BRAZIL,188152,2017,CAM CM LW,CHINESE SUPER LEAGUE,SHANGHAI SIPG FC,"5'10""",146,RIGHT,222,50,66,6,1,0,27,0
Fernandinho,35,1985,BRAZIL,BRAZIL,135507,2002,CDM CB,ENGLISH PREMIER LEAGUE,MANCHESTER CITY,"5'10""",148,RIGHT,415,49,53,8,5,0,94,8
Javier Mascherano,36,1984,ARGENTINA,ARGENTINA,142754,2003,CDM CM CB,ARGENTINA PRIMERA DIVISION,ESTUDIANTES DE LA PL,"5'9""",161,RIGHT,362,2,14,1,1,0,93,6
Gareth Bale,31,1989,UNITED KINGDOM,UNITED KINGDOM,173731,2005,RM RW,ENGLISH PREMIER LEAGUE,TOTTENHAM HOTSPUR,"6'1""",181,LEFT,361,129,72,3,0,0,42,3
Javier Zanetti,47,1973,ARGENTINA,ARGENTINA,1041,1991,RM RB CM,ITALIAN SERIE A,INTER,"5'10""",165,RIGHT,614,12,21,0,0,0,37,1
Daniele De Rossi,37,1983,ITALY,ITALY,53302,2001,CDM,ARGENTINA PRIMERA DIVISION,BOCA JUNIORS,"6'0""",183,RIGHT,464,43,44,4,1,0,125,8
Dani Alves,37,1983,BRAZIL,BRAZIL,146530,2001,RB CM,FRENCH LIGUE,PARIS SAINT GERMAIN,"5'8""",150,RIGHT,528,32,113,0,0,0,146,10
Petr Cech,38,1982,CZECH,CZECHIA,48940,1999,GK,ENGLISH PREMIER LEAGUE,ARSENAL,"6'5""",198,LEFT,512,0,0,0,0,437,0,0
Mats Hummels,32,1988,GERMANY,GERMANY,178603,2006,CB,GERMAN BUNDESLIGA,BORUSSIA DORTMUND,"6'3""",212,RIGHT,345,26,15,0,0,0,39,2
Carles Puyol,42,1978,SPAIN,SPAIN,13038,1995,CB,SPAIN PRIMERA DIVISION,FC BARCELONA,"5'10""",176,RIGHT,392,13,7,0,0,0,77,2
Angel Di Maria,32,1988,ARGENTINA,ARGENTINA,183898,2005,RW LW,FRENCH LIGUE,PARIS SAINT GERMAIN,"5'11""",152,LEFT,383,82,138,1,1,0,46,4
Carlos Tevez,36,1984,ARGENTINA,ARGENTINA,143001,2001,ST CAM CF,ARGENTINA PRIMERA DIVISION,BOCA JUNIORS,"5'7""",170,RIGHT,366,158,69,18,8,0,45,1
Didier Drogba,42,1978,COTE D IVOIRE,COTE D IVOIRE,31432,1993,ST,NOT FOUND,NOT FOUND,"6'2""",176,RIGHT,425,191,81,14,5,0,77,4
Giorgio Chiellini,36,1984,ITALY,ITALY,138956,2000,CB,ITALIAN SERIE A,JUVENTUS,"6'2"" ",187,LEFT,474,33,20,0,0,0,81,4
Marcelo,32,1988,BRAZIL,BRAZIL,176676,2005,LB,SPAIN PRIMERA DIVISION,REAL MADRID,"5'9""",165,LEFT,364,26,52,0,0,0,65,2
Stephan El Shaarawy,28,1992,ITALY,ITALY,190813,2008,LW LM,CHINESE SUPER LEAGUE,SHANGHAI GREENLAND,"5'10""",161,RIGHT,251,63,25,0,0,0,14,0
Toni Kroos,30,1990,GERMANY,GERMANY,182521,2005,CM,SPAIN PRIMERA DIVISION,REAL MADRID,"6'0""",168,RIGHT,375,39,77,0,0,0,50,0
Samuel Eto’o,39,1981,CAMEROON,CAMEROON,9676,1996,ST,TURKISH SUPER LIG,ATIKER KONYASPOR,"5'10""",165,RIGHT,540,283,92,37,9,0,84,3
Jordi Alba,31,1989,SPAIN,SPAIN,189332,2005,LB,SPAIN PRIMERA DIVISION,FC BARCELONA,"5'7""",150,LEFT,347,20,52,0,0,0,79,3
Mario Gomez,35,1985,GERMANY,GERMANY,150418,2004,ST,GERMAN BUNDESLIGA,VFB STUTTGART,"6'2""",196,RIGHT,413,210,37,10,7,0,33,1
Arturo Vidal,33,1987,CHILE,CHILE,181872,2005,CM CDM,ITALIAN SERIE A,INTER,"5'11""",165,RIGHT,399,75,55,16,3,0,106,5
Eden Hazard,29,1991,BELGIUM,BELGIUM,183277,1998,LW,SPAIN PRIMERA DIVISION,REAL MADRID,"5'9""",163,RIGHT,413,123,88,26,2,0,23,0
James Rodriguez,29,1991,COLOMBIA,COLOMBIA,198710,2007,RW CAM,ENGLISH PREMIER LEAGUE,EVERTON,"5'11""",165,LEFT,238,80,84,4,1,0,21,1
Marouane Fellaini,33,1987,BELGIUM,BELGIUM,176944,2004,CM CDM,CHINESE SUPER LEAGUE,SHANDONG LUNENG,"6'4""",187,RIGHT,358,58,25,1,0,0,80,5
Ramires,33,1987,BRAZIL,BRAZIL,184943,2006,CDM,CHINESE SUPER LEAGUE,JIANGSU SUNING FC,"5'10""",152,RIGHT,256,32,16,0,0,0,47,3
David Villa,39,1981,SPAIN,SPAIN,113422,1999,ST,JAPANESE J LEAGUE DIVISION ,VISSEL KOBE,"5'9""",152,RIGHT,580,315,81,63,9,0,81,5
Klaas Jan Huntelaar,37,1983,NETHERLANDS,NETHERLANDS,148803,2000,ST,HOLLAND EREDIVISIE,AJAX,"6'1""",183,RIGHT,452,251,52,18,8,0,42,5
Nemanja Vidic,39,1981,SERBIA,SERBIA,140601,1999,CB,ITALIAN SERIE A,INTER,"6'3""",194,RIGHT,273,20,4,2,0,0,65,8
Joe Hart,33,1987,UNITED KINGDOM,UNITED KINGDOM,150724,2003,GK,ENGLISH PREMIER LEAGUE,TOTTENHAM HOTSPUR,"6'5""",201,RIGHT,439,0,0,0,0,516,0,0
Arjen Robben,36,1984,NETHERLANDS,NETHERLANDS,9014,2000,RM CAM,HOLLAND EREDIVISIE,FC GRONINGEN,"5'11""",176,LEFT,422,150,98,11,2,0,32,5
Mario Balotelli,30,1990,ITALY,ITALY,186627,2006,ST,ITALIAN SERIE A,AC MONZA,"6'3""",207,RIGHT,288,115,19,24,5,0,90,11
Mathieu Valbuena,36,1984,FRANCE,SERBIA,177326,2004,LM CAM,GREEK SUPER LEAGUE,OLYMPIACOS CFP,"5'6""",128,RIGHT,411,60,93,11,4,0,47,0
Pierre-Emerick Aubameyang,31,1989,FRANCE,FRANCE,188567,2007,ST LW,ENGLISH PREMIER LEAGUE,ARSENAL,"6'2""",176,RIGHT,364,196,51,19,7,0,23,2
Robert Lewandowski,32,1988,POLAND,POLAND,188545,1997,ST,GERMAN BUNDESLIGA,FC BAYERN MUNCHEN,"6'0""",176,RIGHT,392,287,58,31,3,0,37,1
Hernanes,35,1985,BRAZIL,BRAZIL,180432,2005,CM CDM CAM,CHINESE SUPER LEAGUE,HEBEI CHINA FORTUNE,"5'11""",170,RIGHT,263,60,30,11,2,0,41,2
Pedro,33,1987,SPAIN,SPAIN,189505,2005,CF RW,ITALIAN SERIE A,ROMA,"5'7""",148,RIGHT,354,90,53,0,0,0,34,1
Santi Cazorla,36,1984,SPAIN,SPAIN,146562,2003,CM LM CDM,INTERNATIONAL,SPAIN,"5'6""",143,RIGHT,452,78,91,18,3,0,42,1
Christian Eriksen,28,1992,DENMARK,DENMARK,190460,2005,CAM CM,ITALIAN SERIE A,INTER,"5'11""",168,RIGHT,364,77,108,0,0,0,21,0
Ezequiel Lavezzi,35,1985,ARGENTINA,ARGENTINA,159065,2003,CF ST,CHINESE SUPER LEAGUE,HEBEI CHINA FORTUNE,"5'8""",165,RIGHT,337,95,69,12,2,0,47,2
Joao Moutinho,34,1986,PORTUGAL,PORTUGAL,162347,2003,CM,ENGLISH PREMIER LEAGUE,WOLVERHAMPTON,"5'7""",134,RIGHT,495,36,80,9,1,0,75,1
Mario Mandžukić,34,1986,CROATIA,CROATIA,181783,2004,ST LW,ITALIAN SERIE A,JUVENTUS,"6'3""",187,RIGHT,337,138,58,4,1,0,60,2
Patrice Evra,39,1981,FRANCE,SENEGAL,52091,1998,LB,ENGLISH PREMIER LEAGUE,WEST HAM UNITED,"5'9""",165,LEFT,465,12,32,0,0,0,71,4
David Luiz,33,1987,BRAZIL,BRAZIL,179944,2006,CB,ENGLISH PREMIER LEAGUE,ARSENAL,"6'2""",190,RIGHT,338,21,11,0,0,0,69,3
Luka Modric,35,1985,CROATIA,CROATIA,177003,2001,CM,SPAIN PRIMERA DIVISION,REA;L MADRID,"5'8""",146,RIGHT,399,44,64,5,0,0,56,1
Victor Wanyama,29,1991,KENYA,KENYA,188942,2007,CDM CM,USA MAJOR LEAGUE SOCCER,MONTREAL IMPACT,"6'0""",192,RIGHT,284,24,11,0,0,0,63,6
Mapou Yanga-M'Biwa,31,1989,CENTRAL AFRICAN REPUBLIC,CENTRAL AFRICAN REPUBLIC,181560,2006,CB,FRENCH LIGUE,OLYMPIQUE LYONNAIS,"6'0""",170,RIGHT,241,5,2,0,0,0,48,3
Hulk,34,1986,BRAZIL,BRAZIL,189362,2009,RW ST,CHINESE SUPER LEAGUE,SHANGHAI SIPG FC,"5'11""",187,LEFT,290,160,98,45,11,0,73,2
Darijo Srna,38,1982,CROATIA,CROATIA,139997,1999,RB,ITALIAN SERIE A,CAGLIARI,"5'10""",172,RIGHT,363,33,94,7,1,0,88,7
Emmanuel Mayuka,30,1990,ZAMBIA,ZAMBIA,196819,2006,ST LW RW,FRENCH LIGUE,FC METZ,"5'10""",159,RIGHT,109,26,10,0,0,0,9,0
John Terry,40,1980,UNITED KINGDOM,UNITED KINGDOM,13732,1998,CB,ENGLISH PREMIER LEAGUE,ASTON VILLA,"6'2""",198,RIGHT,524,42,11,0,0,0,74,6
Kwadwo Asamoah,32,1988,GHANA,GHANA,186832,2008,LM LB,ITALIAN SERIE A,INTER,"5'8""",165,LEFT,270,12,19,0,0,0,32,0
Leonardo Bonucci,33,1987,ITALY,ITALY,184344,2007,CB,ITALIAN SERIE A,JUVENTUS,"6'3""",187,RIGHT,434,31,7,0,0,0,82,4
Javier Pastore,31,1989,ARGENTINA,ARGENTINA,191180,2007,CAM CM,ITALIAN SERIE A,ROMA,"6'2""",172,RIGHT,280,46,54,0,1,0,24,0
Henrikh Mkhitaryan,31,1989,ARMENIA,ARMENIA,192883,2006,CF RM RW,ITALIAN SERIE A,ROMA,"5'10""",165,RIGHT,314,103,72,3,0,0,39,0
Moussa Dembele,24,1996,FRANCE,FRANCE,211591,2011,ST,FRENCH LIGUE,OLYMPIQUE LYONNAIS,"6'0""",174,RIGHT,187,73,25,10,2,0,16,0
Hatem Ben Arfa,33,1987,FRANCE,FRANCE,161648,2003,CAM ST CF,FRENCH LIGUE,FC GIRONDINS DE BOR,"5'10""",143,LEFT,310,55,38,12,1,0,19,0
Samir Nasri,33,1987,ALGERIA,FRANCE,165239,2004,CAM CM LW,BELGIAN JUPILER PRO LEAGUE,RSC ANDERLECHT,"5'9""",165,RIGHT,379,52,64,2,1,0,38,1
Shinji Kagawa,31,1989,JAPAN,JAPAN,189358,2006,CAM,SPANISH SEGUNDA DIVISION,REAL ZARAGOZA,"5'9""",150,RIGHT,231,55,41,1,0,0,15,0
Wesley Sneijder,36,1984,NETHERLANDS,NETHERLANDS,139869,2000,CAM,FRENCH LIGUE,OGC NICE,"5'7""",159,RIGHT,382,102,87,0,1,0,72,3
Pepe,37,1983,BRAZIL,BRAZIL,226110,2003,RM RW,ENGLISH PREMIER LEAGUE,ARSENAL,"6'0""",161,LEFT,156,45,23,12,1,0,12,1
Marek Hamsik,33,1987,CZECHOSLOVAKIA,SLOVAKIA,171877,2003,CM CDM CAM,CHINESE SUPER LEAGUE,DALIAN YIFANG FC,"6'0""",161,RIGHT,514,114,86,14,9,0,33,1
Javi Martinez,32,1988,SPAIN,SPAIN,177610,2005,CDM CB,GERMAN BUNDESLIGA,FC BAYERN MUNCHEN,"6'4""",190,RIGHT,354,31,13,0,1,0,81,6
Diego Forlan,41,1979,URUGUAY,URUGUAY,49072,1997,ST,INTERNATIONAL,URUGUAY,"5'11""",172,RIGHT,378,159,44,15,5,0,29,0
Paulinho,32,1988,BRAZIL,BRAZIL,187961,2006,CAM RM,GERMAN BUNDESLIGA,GUANGZHOU EVERGRA,"6'0""",176,RIGHT,204,72,24,1,0,0,19,2
Arjen Robben,36,1984,NETHERLANDS,NETHERLANDS,9014,2000,RM CAM,HOLLAND EREDIVISIE,FC GRONINGEN,"5'11""",176,LEFT,422,150,98,11,2,0,32,5
Zlatan Ibrahimović,39,1981,BOSNIA,SWEDEN,41236,1999,ST,ITALIAN SERIE A,MILAN,"6'5""",209,RIGHT,565,378,133,66,12,0,94,9
Robin van Persie,37,1983,NETHERLANDS,NETHERLANDS,7826,2000,ST CAM,HOLLAND EREDIVISIE,FEYENOORD,"6'2""",157,LEFT,435,204,78,21,6,0,61,4
Sergio Ramos García,34,1986,SPAIN,SPAIN,155862,2002,CB,SPAIN PRIMERA DIVISION,REAL MADRID,"6'0""",181,RIGHT,506,74,26,16,1,0,173,22
Thiago Silva,36,1984,BRAZIL,BRAZIL,164240,2002,CB,ENGLISH PREMIER LEAGUE,CHELSEA,"6'0""",174,RIGHT,309,16,5,0,0,0,26,1
David Silva,34,1986,SPAIN,SPAIN,168542,2001,CAM CM,SPAIN PRIMERA DIVISION,REAL SOCIEDAD,"5'8""",148,LEFT,508,91,120,0,1,0,65,2
Mats Hummels,32,1988,GERMANY,GERMANY,178603,2006,CB,GERMAN BUNDESLIGA,BORUSSIA DORTMUND,"6'3""",212,RIGHT,345,26,15,0,0,0,39,2
Marco Reus,31,1989,GERMANY,GERMANY,188350,2007,CAM CF,GERMAN BUNDESLIGA,BORUSSIA DORTMUND,"5'11""",157,RIGHT,319,134,67,13,3,0,37,3
Wayne Mark Rooney,35,1985,UNITED KINGDOM,UNITED KINGDOM,54050,2000,CM CDM CAM,ENGLISH LEAGUE CHAMPIONSHIP,DERBY COUNTY,"5'9""",183,RIGHT,569,237,126,32,11,0,110,5
Karim Benzema,33,1987,ALGERIA,FRANCE,165153,2004,CF ST,SPAIN PRIMERA DIVISION,REAL MADRID,"6'1""",179,RIGHT,476,220,99,13,2,0,9,0
Joe Hart,33,1987,UNITED KINGDOM,UNITED KINGDOM,150724,2003,GK,ENGLISH PREMIER LEAGUE,TOTTENHAM HOTSPUR,"6'5""",201,RIGHT,439,0,0,0,0,516,0,0
Luiz Gustavo Dias,33,1987,BRAZIL,BRAZIL,185221,2007,CDM CB,TURKISH SUPER LIG,FENERBAHCE SK,"6'2""",172,LEFT,435,28,16,0,0,0,123,12
Tim Howard,41,1979,USA,USA,16254,1997,GK,USA MAJOR LEAGUE SOCCER,COLORADO RAPIDS,"6'3""",194,RIGHT,589,0,0,0,0,727,0,0
Steven Gerrard,40,1980,UNITED KINGDOM,UNITED KINGDOM,13743,1998,CM CDM,USA MAJOR LEAGUE SOCCER,LA GALAXY,"6'0""",183,RIGHT,535,125,112,33,9,0,64,6
Thiago Motta,38,1982,BRAZIL,BRAZIL,49370,1999,CDM,FRENCH LIGUE,PARIS SAINT GERMAIN,"6'2""",181,LEFT,376,31,22,0,0,0,100,13
Steve Mandanda,35,1985,FRANCE,DEMOCRATIC REPUBLIC OF THE CONGO,163705,2003,GK,FRENCH LIGUE,OLYMPIQUE DE MARSEI,"6'1""",181,RIGHT,447,0,0,0,0,487,0,0
Fernando Muslera,34,1986,ARGENTINA,ARGENTINA,182494,2004,GK,TURKISH SUPER LIG,GALATASARAY SK,"6'3""",163,RIGHT,382,0,0,0,0,401,0,0
Kevin De Bruyne,29,1991,BELGIUM,BELGIUM,192985,2008,CM CAM,ENGLISH PREMIER LEAGUE,MANCHESTER CITY,"5'11""",154,RIGHT,347,77,133,4,2,0,33,2
Kevin Strootman,30,1990,NETHERLANDS,NETHERLANDS,189712,2008,CDM CM,FRENCH LIGUE,OLYMPIQUE DE MARSEI,"6'1""",176,LEFT,311,30,57,3,0,0,64,1
Lars Bender,31,1989,GERMANY,GERMANY,177457,2005,RB CDM CM,GERMAN BUNDESLIGA,BAYER 04 LEVERKUSEN,"6'1""",172,RIGHT,216,11,23,0,0,0,11,1
Mamadou Sakho,30,1990,FRANCE,FRANCE,183285,2006,CB,ENGLISH PREMIER LEAGUE,CRYSTAL PALACE,"6'2""",183,LEFT,279,9,2,0,0,0,26,5
Miroslav Klose,42,1978,GERMANY,POLAND,11141,1997,ST,ITALIAN SERIE A,LAZIO,"6'0""",185,RIGHT,443,175,73,7,5,0,47,1
Ashley Cole,40,1980,UNITED KINGDOM,UNITED KINGDOM,34079,1998,LB,ENGLISH LEAGUE CHAMPIONSHIP,DERBY COUNTY,"5'9""",146,LEFT,491,18,46,0,0,0,78,9
Rafael van der Vaart,37,1983,NETHERLANDS,NETHERLANDS,45574,1998,CM,DANISH SUPERLIGA,ESBJERG FB,"5'9""",163,LEFT,416,133,81,19,2,0,62,3
Nigel de Jong,36,1984,NETHERLANDS,NETHERLANDS,53578,2002,CDM CM,GERMAN BUNDESLIGA,FSV MAINZ 05,"5'9""",159,RIGHT,392,18,11,0,0,0,86,2
Fernando Luiz Rosa,35,1985,BRAZIL,BRAZIL,135507,2002,CB CDM,ENGLISH PREMIER LEAGUE,MANCHESTER CITY,"5'10""",148,RIGHT,415,49,53,8,5,0,94,8
Roberto Soldado Rillo,35,1985,SPAIN,SPAIN,146758,2002,ST,SPAIN PRIMERA DIVISION,GRANADA CF,"5'11""",163,RIGHT,419,161,54,21,5,0,120,7
Clint Dempsey,37,1983,USA,USA,155897,2002,CAM CF ST,USA MAJOR LEAGUE SOCCER,SEATTLE SOUNDERS FC,"6'1""",170,RIGHT,404,129,52,9,3,0,48,3
Riccardo Montolivo,35,1985,ITALY,ITALY,159287,2003,CDM CM,ITALIAN SERIE A,MILAN,"5'11""",168,RIGHT,421,32,28,1,0,0,81,4
Gary Cahill,35,1985,UNITED KINGDOM,UNITED KINGDOM,164468,2004,CB,ENGLISH PREMIER LEAGUE,CRYSTAL PALACE,"6'4""",194,RIGHT,422,30,11,0,0,0,45,3
Laurent Koscielny,35,1985,FRANCE,FRANCE,165229,2004,CB,FRENCH LIGUE,FC GIRONDINS DE BOR,"6'1""",165,RIGHT,325,25,3,0,0,0,40,5
Eliaquim Mangala,29,1991,BELGIUM,FRANCE,190531,2008,CB,SPAIN PRIMERA DIVISION,VALENCIA CF,"6'2""",185,LEFT,230,10,4,0,0,0,56,5
Romelu Lukaku,27,1993,BELGIUM,BELGIUM,192505,2008,ST,ITALIAN SERIE A,INTER,"6'3""",207,LEFT,373,180,53,16,4,0,28,1
Rodrigo Moreno Machado,29,1991,BRAZIL,BRAZIL,198329,2009,ST CAM,ENGLISH PREMIER LEAGUE,LEEDS UNITED,"6'0""",170,LEFT,272,69,38,2,3,0,25,5
Marco Verratti,28,1992,ITALY,ITALY,199556,2008,CM CDM,FRENCH LIGUE,PARIS SAINT GERMAIN,"5'5""",132,RIGHT,271,6,43,0,0,0,80,6
Raheem Sterling,26,1994,UNITED KINGDOM,JAMAICA,202652,2009,LW RW,ENGLISH PREMIER LEAGUE,MANCHESTER CITY,"5'7""",152,RIGHT,273,90,48,1,2,0,30,2
Axel Witsel,31,1989,BELGIUM,BELGIUM,177413,2004,CDM CM,GERMAN BUNDESLIGA,BORUSSIA DORTMUND,"6'1""",179,RIGHT,410,61,32,12,3,0,57,4
Kevin Trapp,30,1990,GERMANY,GERMANY,188943,2007,GK,GERMAN BUNDESLIGA,EINTRACHT FRANKFURT,"6'2""",194,RIGHT,246,0,0,0,0,315,0,0
Maxime Gonalons,31,1989,FRANCE,FRANCE,193116,2007,CDM CM,SPAIN PRIMERA DIVISION,GRANADA CF,"6'2""",168,RIGHT,299,7,9,1,1,0,65,5
Ricardo Rodriguez,28,1992,SPAIN,SWITZERLAND,193352,2009,LB,ITALIAN SERIE A,TORINO,"5'11""",170,LEFT,275,18,29,11,2,0,22,2
Sidney Sam,32,1988,GERMANY,GERMANY,177934,2006,RM LM,TURKISH SUPER LIG,ANTALYASPOR,"5'9""",150,LEFT,254,50,36,6,3,0,27,2
Alessio Cerci,33,1987,ITALY,ITALY,178393,2003,RW ST,ITALIAN SERIE A,US SALERNITANA 1919,"5'11""",172,LEFT,281,52,44,11,2,0,28,2
Kevin Mirallas,33,1987,BELGIUM,BELGIUM,172175,2004,LM CAM,TURKISH SUPER LIG,GAZISEHIR GAZIANTEP,"6'0""",159,RIGHT,399,86,41,3,2,0,48,5
Francesco Totti,44,1976,ITALY,ITALY,1238,1993,CF ST,ITALIAN SERIE A,ROMA,"5'11""",181,RIGHT,619,250,139,71,14,0,115,11
Gareth Barry,39,1981,UNITED KINGDOM,UNITED KINGDOM,6826,1997,CDM CM,ENGLISH PREMIER LEAGUE,WEST BROMWICH ALBI,"6'0""",172,LEFT,678,54,68,18,4,0,134,6
Antonio Cassano,38,1982,ITALY,ITALY,7631,1998,CF,ITALIAN SERIE A,SAMPDORIA,"5'9""",176,RIGHT,417,115,92,11,3,0,48,3
Patrice Evra,39,1981,FRANCE,SENEGAL,52091,1998,LB,ENGLISH PREMIER LEAGUE,WEST HAM UNITED,"5'9""",165,LEFT,465,12,32,0,0,0,71,4