S.No.,Track Title,Artist Name,Album,Writer,Othername,ISNI code,IPI code,ISRC,SESAC Work ID,SESAC Publisher,ASCAP Work ID,ASCAP Publisher,ASCAP Publishers' IPI,BMI Work ID,BMI Publisher,GMR Work ID,GMR Publisher,GMR Publishers' IPI
1,Runaway baby,Bruno Mars,Doo-Wops & Hooligans,Bruno Mars,Peter Gene Hernandez,['0000000117226071'],"['00477487104', '00583145346', '00583145444']",a323da57-33ba-4dac-9ff9-48ef7bba6482,984901,BEANIE MALEANIE SONGS,881899134,BMG FIREFLY,725496126,12234522,FULTON AVENUE MUSIC,100045100,MARS FORCE MUSIC,583434436
2,Look what you made me do,Taylor Swift,The No.1 DJ Collection: 2010s (Digital Collection),Taylor Swift,Nils Sjöberg,['0000000078519858'],"['00454808047', '00454808145', '00454808243', '00804356845']",d06c9d0f-2dbf-4272-9c0d-6d182ca41c67,692158390,WARNER/CHAPPELL MUSIC PUBLISHING LIMITED,420576256,UNIVERSAL MUSIC- MGB SONGS,538724724,25215544,DUCKY DONATH MUSIC,not found,not found,not found
3,You belong with me,Taylor Swift,Fearless: Platinum Edition,Taylor Swift,Nils Sjöberg,['0000000078519858'],"['00454808047', '00454808145', '00454808243', '00804356845']",5f112a1b-1199-4cfb-84c8-35c165d2f314,918273,MIGHTY NICE MUSIC,550151647,WC MUSIC CORP,53026414,9611045,ORBISON MUSIC LLC,not found,not found,not found
4,Never say never,Justin Bieber,not found,Adam Messinger,not found,['0000000114791200'],"['00611935265', '00611935363']",dd1199ef-6606-48ce-a4b1-6e9a47ae546d,163632,CLAYTON-NORMAN PUBL CO,530957878,HUMASSIVE MUSIC,338710658,13703742,SHIRA LEE LAWRENCE RICK MUSIC,100061956,UNIVERSAL MUSIC WORKS,832425062
5,Just the way you are,Bruno Mars,Club R&B 2,Billy Joel,Peter Gene Hernandez,['0000000117226071'],"['00477487104', '00583145346', '00583145444']",93a89b89-3a02-4501-a55b-ca1d8f6575da,82896,LORNE MATTHEWS FAMILY PROD,400037367,EMI ROBBINS CATALOG INC,128632966,14414169,DOWNTOWN DMP SONGS,100044972,MARS FORCE MUSIC,583434436
6,When I was your man,Bruno Mars,Greatest Songs,Bruno Mars,Peter Gene Hernandez,['0000000117226071'],"['00477487104', '00583145346', '00583145444']",5585469e-7608-49eb-b195-63653bedc373,Not found,not found,530326380,KEVIN SAVIGAR MUSIC,126832282,14992124,DOWNTOWN DMP SONGS,100045161,MARS FORCE MUSIC,583434436
7,The way you make me feel,Michael Jackson,not found,Michael Jackson,not found,['000000011023081X'],"['00002961801', '00523553664']",d4a7cc87-5159-4822-80c9-f9dde7b0543f,645520,GAS GRASS OR ASS PUBLISHING,501005398,TAFARI MUSIC INC,338650451,6397212,BMG PLATINUM SONGS US,100061609,BADAMS MUSIC LIMITED,not found
8,Beat it,Michael Jackson,not found,Michael Jackson,not found,['000000011023081X'],"['00002961801', '00523553664']",3bd80b98-f2fe-47cf-9698-75a3e75623a9,6989,DAWN TREADER MUSIC,320026477,BOURNE CO,3915803,94884,REENY RHYTHMS INC,100070618,WARNER-GRANDVIEW MUSIC,not found
9,Earth song,Michael Jackson,not found,not found,not found,['000000011023081X'],"['00002961801', '00523553664']",ceed1b5f-b4aa-4acc-9ecd-2c9ede7cc2c2,35888,CONVENTION PRESS,350078249,UNIVERSAL MUSIC CORPORATION,31312147,2059527,MIJAC MUSIC,not found,not found,not found
10,We belong together,Mariah carey,not found,Mariah Carey,not found,['0000000114722280'],['00227453081'],d8ae0b90-fc41-422e-a0c1-d0851e46f3f5,601618,CARDRAYGEE MUSIC PUBLISHING,530019024,CATSOS MUSIC,74209386,7558879,ABKCO MUSIC INC,100087263,FOX GLOBAL MUSIC INC,801538365
11,All I want for Christmas is you,Mariah carey,not found,Mariah Carey,not found,['0000000114722280'],['00227453081'],9dde0289-529b-464f-ac1a-ffc148c63174,544475,JIM JENDA PUBLISHING,310297042,SONGS OF DELTA BOY MUSIC CO,335928736,21534931,JUSTIN PETERS MUSIC,not found,not found,not found
12,We Found Love,Rihanna,not found,Calvin Harris,not found,['0000000114766419'],"['00479976469', '00479976665', '00486793099']",a7748b59-0c8e-49d2-84b4-542ef7ea434c,62002,SAGE-SAND-MUSIC,530019702,BIENSTOCK PUBLISHING COMPANY,31220448,29426727,ULTRA EMPIRE MUSIC,not found,not found,not found
13,Go Crazy,Chris Brown,Elysium (I Go Crazy),Paul Davis,Christopher Maurice Brown,not found,['00484845803'],593c7489-e23e-4b6a-93ef-fbc3b5e9a1c0,48,DEIRO-PIETRO PUBL,370512777,UNIVERSAL MUSIC CORPORATION,31312147,7760005,EMI BLACKWOOD MUSIC INC,100065227,WARNER-GRANDVIEW MUSIC,not found
14,Look at me now,Chris Brown,"Hits, Volume 31: April–May 2011",Chris Brown,Christopher Maurice Brown,not found,['00484845803'],ef6251ac-a6bf-4509-8935-2445c5f4f79b,58622374,PFILBRYTETUNES,420130530,BIENSTOCK PUBLISHING COMPANY,31220448,1946322,UNIVERSAL MUSIC BRENTWOOD BENSON SONGS,100078421,BADAMS MUSIC LIMITED,663536627
15,In my Feelings,Drake,In My Feelings,Aubrey Graham,not found,['000000012032246X'],['00529397022'],dd6c0aa4-9b13-45e3-bac9-6f45f7c0607d,30645,NATIONAL-MUSIC CO INC,885794949,BASSBOX PUBLISHING,675879669,28028136,EIGHTH AND GROOVE MUSIC,100069435,R RATED MUSIC,506040992
16,Chicago Freestyle,Drake,Dark Lane Demo Tapes,Aubrey Graham,not found,['000000012032246X'],['00529397022'],f0c745e6-042c-4838-9b7f-13d326e05cd6,Not found,Not found,not found,not found,not found,not found,not found,100091733,SANDRA GALE,793789464
17,All of the Lights,Kanye West,All Of The Lights,Kanye west,Kanye Omari West,"['0000000116557565', '0000000362939198']","['00335677734', '00451108296']",9bd9a717-0c3b-49d9-ba18-4e40749e4d52,885633,ARBOUR INTERACTIVE,882654292,TUNEDGE MUSIC,342234496,12426989,EMI BLACKWOOD MUSIC INC,not found,not found,not found
18,Smells Like Teen Spirit,Nirvana,Donkeyshow,Kurt Cobain,Nirvana,"['0000000123486830', '0000000123487390']",not found,33a5f939-c85c-448e-9f5e-946f1ca36991,576034,BMG RIGHTS MANAGEMENT (UK) LIMITED,905650303,BMG RIGHTS MANAGEMENT (UK) LIMITED,576134244,1358504,MJ TWELVE MUSIC,not found,not found,not found
19,I want to hold your hand,The Beatles,not found,Lennon-Mccartney,not found,['0000000121707484'],not found,4ea594b9-61da-494a-b3e5-44198ed40db2,Not found,Not found,390189492,SONY/ATV TUNES LLC,338164558,7723628,DE MUSIC,100073317,not found,not found
20,You'll Never Walk Alone,Gerry and the Pacemakers,The Very Best Of,Richard Rodgers,Gerry And The Peacemakers,['0000000122845416'],not found,71519c0e-3d27-4e61-b36e-1b770a3517ae,690462272,INCONNU EDITEUR,551030730,not found,not found,1723059,BAYJUN BEAT MUSIC,not found,not found,not found
21,All You Need Is Love,The Beatles,not found,Lennon-Mccartney,not found,['0000000121707484'],not found,470260ab-c41a-4461-baa7-df6cc9641e1f,690440998,COPYRIGHT ADMINISTRATION FILMS,310108586,NORTHERN SONGS LTD,22562608,27381,not found,not found,not found,not found
22,Complicated,Avril Lavigne,My World,Avril Lavigne,Avril Ramona Lavigne,['0000000114946276'],['00424984337'],efd539c3-d31f-428d-8d18-3de8cacaf3b4,531242,FOX STREET MUSIC,330544933,MICHAEL STANLEY MUSIC CO,43914585,6043228,MR SPOCK MUSIC,not found,not found,not found
23,When you are gone,Avril Lavigne,The Softer Side,Bryan Adams,Avril Ramona Lavigne,['0000000114946276'],['00424984337'],2a8a36b4-f813-43f2-a43d-6dda1a369d16,620966,GRASS STRAND MUSIC,530637053,ANTONIO CARLOS DEFEO MUSIC,not found,1651220,SONY/ATV TREE PUBLISHING,not found,not found,not found
24,Genie in a Bottle,Christina Aguilera,Nu Divas,David Frank,Christina Aquilera,['000000005518483X'],['00426316475'],fbe9ad8c-3a31-4b5a-9710-228b8c77907b,1064418,TWILITE TUNES,370330302,EMI APRIL MUSIC INC,128633767,5030266,MANIFESTED DAY MUSIC,not found,not found,not found
25,Baby One more time,Britney spears,not found,Max Martin,not found,['0000000109898265'],['00353662065'],df27dc63-1863-4a25-a6da-22905af446c7,not found,not found,320500025,GV-MXM,698743182,73510,LAMASCO MUSIC,not found,not found,not found
26,Toxic,Britney spears,not found,Christian Karlsson,not found,['0000000109898265'],['00353662065'],caedbf7d-4f49-4404-ba56-419a5bda6435,582220,JILLIAN DVG MUSIC,500702627,ARLOVOL MUSIC,589665378,4096254,USA ATMOSPHERE MUSIC PUBLISHING,100083440,not found,not found
27,Just give me a reason,P!nk,NRJ Hit Music Only! 2013,Jeff Bhasker,Pink,['000000012028175X'],['00342943558'],d4a892a0-a34a-47c0-bbd7-88bb0acff670,53977333,SONY/ATV CROSS KEYS PUBLISHING,889173525,DON-WOLFEN MUSIC,276515155,14740158,EMI BLACKWOOD MUSIC INC,not found,not found,not found
28,What about us,P!nk,NRJ Smash Hits 2018,Phillip Jacobs,Pink,['000000012028175X'],['00342943558'],aca92b32-f8ef-4d2f-ba75-d1de5a01b8c6,507269,SONY/ATV SPRINGHOUSE MUSIC,341480955,BMG 10 MUSIC LIMITED,714379143,25125540,EMI BLACKWOOD MUSIC INC,not found,not found,not found
29,Beautiful Trauma,P!nk,Just the Hits 2018,Pink,Pink,['000000012028175X'],['00342943558'],30086ee6-01c1-466f-b9da-dacd4a8f0e75,not found,not found,not found,not found,not found,25600303,DUCKY DONATH MUSIC,not found,not found,not found
30,Walk me home,P!nk,NRJ Back To School 2019,Scott Harris,Pink,['000000012028175X'],['00342943558'],2ddbbd89-dcd3-4a7a-8bca-7a3e5533cbe5,46463,JOHN DANIEL,530130000,not found,not found,29616475,PINK INSIDE PUBLISHING,100001997,TEMPO INVESTMENTS/SMACK HITS,not found
31,Rain on me,Lady Gaga,not found,Stefani Germanotta,not found,['0000000120254559'],"['00519338344', '00519338442', '00519338540']",d12f9759-678e-424a-b1f8-6329c73caf91,1345,CENTURY MUSIC PUB CO INC,480213525,CHURN MUSIC,128421297,6552666,D J IRV PUBLISHING,100044536,DOWNTOWN GLOBAL TWO,857383792
32,Poker Face,Lady Gaga,not found,Stefani Germanotta,not found,['0000000120254559'],"['00519338344', '00519338442', '00519338540']",26e20d55-86c9-41ab-8794-874e0f7daf3a,730955,FORGOTTEN FABLE,460056000,EMI ROBBINS CATALOG INC,128632966,9990767,HOUSE OF GAGA PUBLISHING LLC,not found,not found,not found
33,Born this way,Lady Gaga,not found,Gaga,not found,['0000000120254559'],"['00519338344', '00519338442', '00519338540']",df2bdb66-8f0a-4574-9162-ccfa1de870f9,57286520,ESCAPE THE ORDINARY MUSIC,320562852,UNIVERSAL MUSIC- MGB SONGS,538724724,12342685,GARIBAY MUSIC PUBLISHING,not found,not found,not found
34,Dark Horse,Katy perry,not found,Katy Perry,not found,['000000007371737X'],"['00292555933', '00515661558', '00515661656']",852f808a-e745-46da-b6cf-1ec8e824e4d5,623081,BEACH STREET MUSIC,340152632,UMLAUT CORPORATION (ASCAP),451956732,16480753,DEEETTA MUSIC,100068013,FOX GLOBAL MUSIC INC,801538365
35,Hot n Cold,Katy perry,not found,Katy Perry,not found,['000000007371737X'],"['00292555933', '00515661558', '00515661656']",74aa368b-5ba3-4ff5-b5a1-bda22914b5fe,58794,40 WEST,380075249,WARNER BROS INC (WARNER BROS MUSIC DIV),58855632,587106,UNIVERSAL SONGS OF POLYGRAM INTERNATIONAL INC,not found,not found,not found
36,Last Friday Night,Katy perry,not found,Katy Perry,not found,['000000007371737X'],"['00292555933', '00515661558', '00515661656']",8c060b42-9c4d-47fc-ad49-101e4c4e5cc7,688822810,ANTHEM COMPLETE VISION MUSIC,423409056,NOCTIS CULTUS,507885033,11872253,BONNIE MCKEE MUSIC,not found,not found,not found
37,Thinking of You,Katy perry,not found,Katy Perry,not found,['000000007371737X'],"['00292555933', '00515661558', '00515661656']",2a482d07-da84-40c8-9541-69592e520444,582888,CARTACUP PUBLISHING,500061703,HERALD SQUARE MUSIC CO THE,586632512,1498041,PAUL AND JONATHAN SONGS,100045706,FUTURE FURNITURE MUSIC,51242714
38,We dont talk anymore,Selena gomez,not found,Charlie Puth,not found,['0000000078270714'],['00595330238'],a16e6dab-38d7-4ec6-b751-c1ebb5e62c22,735698,CLAMSHELL MUSIC,531517930,MAHARLIKA GIRL MUSIC,462572645,not found,not found,not found,not found,not found
39,Let me love you,DJ Snake,Hit's Love 2018,Shaffer Smith,William Sami Étienne Grigahcine,not found,['00600662780'],6f0369cd-fbca-41f4-bc6e-00edf7f6d4f2,581706,EMI FORAY MUSIC,333975598,SONY/ATV MUSIC PUBLISHING (UK) LIMITED,269137346,22114058,BRIYUNLEE SONGS,not found,not found,not found
40,Never say never,Justin Bieber,not found,Adam Messinger,not found,['0000000114791200'],"['00611935265', '00611935363']",dd1199ef-6606-48ce-a4b1-6e9a47ae546d,107145,DAWN TREADER MUSIC,440050786,not found,not found,10589185,EMI BLACKWOOD MUSIC INC,100061956,UNIVERSAL MUSIC WORKS,832425062
41,Welcome to Jamrock,Damian Marley,Mix CD 3,Damian Marley,Jr. Gong,['0000000107840254'],['00345457353'],280161e6-2e1d-42bc-b8b6-3bee869aa5bb,not found,not found,531369154,BIDDAH MUZIK INC,404242209,7615387,UNIVERSAL SONGS OF POLYGRAM INTERNATIONAL INC,not found,not found,not found
42,Back to Black,Amy Winehouse,Quarantine: The Other Side of Us,Amy Winehouse,Amy Jade Winehouse,['0000000079920467'],['00461733556'],e74fdf17-0afa-41b8-a4c7-326b6cb12b6d,643414,LYRIC COLLISION,320383448,AVERAGE MUSIC,75616365,8423750,BMG PLATINUM SONGS US,not found,not found,not found
43,Poker Face,Lady Gaga,not found,Stefani Germanotta,not found,['0000000120254559'],"['00519338344', '00519338442', '00519338540']",26e20d55-86c9-41ab-8794-874e0f7daf3a,730955,FORGOTTEN FABLE,460056000,EMI ROBBINS CATALOG INC,128632966,9990767,HOUSE OF GAGA PUBLISHING LLC,not found,not found,not found
44,Family Affair,Sly and the Family Stone,The Greatest Hits Of 1972,Mary J Blige,"Sly, The Family Stone",['0000000121831573'],not found,f11b0f7e-11a8-4344-8546-4e8acb017f5e,567855,AIN'T NOTHING BUT FUNKIN' MUSI,360005067,not found,not found,5577656,COLORSCAPES PUBLISHING,not found,not found,not found
45,Drop it like its hot,Snoop Dogg,Coca Cola Hits 2005,Snoop Dogg,Snoop Doggy,['0000000120269646'],not found,79b52e14-0341-416e-bb41-6d546475ed73,not found,not found,341187237,MR PAIN PUBLISHING,448211959,5877699,CHOPPER CITY MUSIC PUBLISHING,100047610,WATERS OF NAZARETH PUBLISHING,192989113
46,Heartbeats,The Knife,not found,Karin Dreijer,not found,not found,not found,25e4be39-206d-484e-aea3-0871dcf4fad2,53653,DOTS AND LINES INK,380031983,not found,not found,547568,BMG PLATINUM SONGS US,100064011,SPRUCE ROAD PUBLISHING,799432288
47,Try Again,Aaliyah,I Care 4 U,Stephen Garrett,Aaliyah Dana Haughton,['0000000059585374'],not found,3485853e-e8cc-4d15-97cb-ba74f9f273d7,88448,CINETICS MUSIC,500120390,WALT DISNEY MUSIC COMPANY,580810454,1550800,SONGS OF UNIVERSAL INC,not found,FOX GLOBAL MUSIC INC,801538365
48,Dirt off your shoulder,Jay-Z,The Black Album,Shawn Carter,Shawn Corey Carter,"['0000000118335528', '0000000368615389']","['00240089393', '00240089491', '00240089589']",9d4c57fe-ba72-40d5-8bf0-c9c85825bee0,not found,not found,340964578,CARTER BOYS MUSIC,586631515,7427244,BIG BAD MR HAHN MUSIC,not found,not found,not found
49,Get the party started,P!nk,Live From Wembley Arena,Linda Perry,Pink,['000000012028175X'],['00342943558'],9f8d6ce7-6fd3-4f9c-a9f5-80b9805ef88e,not found,not found,370990055,CLOVER BEATS SONGS,880157722,14387559,THE REDEMPTIVE PROCESS,not found,not found,not found
50,Hung up,Madonna,not found,Madonna,not found,['000000010782262X'],"['00125053706', '00128246872', '00211854787']",31a6b752-291c-456f-ade5-f4b85545e6df,13407,H T FITZSIMONS CO INC,380599568,DICK LITTLE PUBLISHING,342839647,15507115,ALEXEI MISOUL MUSIC,100061283,WE ARE CREATIVE NATION,816507735
51,Use somebody,Kings Of Leon,2Cellos,Caleb Followill,not found,['0000000122901684'],not found,8c0e7d66-7b55-4cf8-9597-6d8dd5472468,51865970,not found,884869871,ANOZIRA PUBLISHING,419184354,9856673,not found,not found,not found,not found
52,I Bet you look good on the dance floor,Arctic Monkeys,Isles of Wonder: Music for the Opening Ceremony of the London 2012 Olympic Games,Alex Turner,The Arctic Monkeys,['000000012270850X'],not found,ec158537-8def-4dec-924f-94d976a0fad8,not found,not found,not found,not found,not found,not found,not found,not found,not found,not found
53,Viva La vida,Coldplay,Big Hits - 2009,Guy Berrymen,Cold Play,['000000011551394X'],not found,5ce88d3e-fff7-4da9-a02e-8399b9241d30,1060578,UNIVERSAL MUSIC PUBLISHING S A,520017723,EMI FEIST CATALOG INC,128632770,886854,SCREEN GEMS-EMI MUSIC INC,not found,not found,not found
54,Vertigo,U2,Vertigo in Mexico City,U2,U2 Kiwi,['0000000121505903'],not found,cf4ce2dd-a10e-45e9-81c1-259720f34d87,160770,FILMTRAX INC,220036977,WC MUSIC CORP,53026414,1584458,EMI GOLD HORIZON MUSIC CORP,100002799,ROCK DOG MUSIC,125248492
55,Hard to explain,The Strokes,not found,Julian Casablancas,not found,['0000000115477790'],not found,46bd3ddd-d910-4fa1-8eb5-9d6053f3794b,not found,not found,380519966,BMG GOLD SONGS,601191692,526770,SAY-BAH MUSIC,not found,not found,not found
56,The scientist,Friedel Weinert,Fjord,Chris Martin,not found,['0000000121220131'],['00626107862'],cb2e6818-0ad0-451c-9732-811c9b825471,517234,MARCELLI MUSIC,501633898,MOSH RAVE PUBLISHING,448476126,8009296,BRUIN MUSIC COMPANY,not found,not found,not found
57,Beautiful,Christina Aguilera,Keeps Gettin' Better: A Decade of Hits,Linda Perry,Christina Aquilera,['000000005518483X'],['00426316475'],d5c1f675-551b-41a3-9da0-08dbcf93b07e,2749,BROADMAN-PRESS,320027387,JEWEL MUSIC PUBLISHING CO INC,15310339,6340394,EMI BLACKWOOD MUSIC INC,100055514,APOCRAPHEX,437803450
58,Toxic,Britney spears,not found,Christian Karlsson,not found,['0000000109898265'],['00353662065'],caedbf7d-4f49-4404-ba56-419a5bda6435,582220,JILLIAN DVG MUSIC,500702627,ARLOVOL MUSIC,589665378,4096254,USA ATMOSPHERE MUSIC PUBLISHING,100083440,not found,not found
59,Wake up,Travis Scott,Straining at the Leash,Jacques Webster II,Jacques Berman Webster II,['0000000384091917'],['00682273039'],34b6191c-a80e-4713-af10-bb780a2adac7,455,NEUTRINO MUSIC,230073275,not found,not found,28011587,EMI BLACKWOOD MUSIC INC,100068233,FOX GLOBAL MUSIC INC,801538365
60,Float on,The Floaters,As 100 Mais Da Antena 1,Issac Brock,Floaters,not found,not found,d736d0ce-3dda-4098-aa6d-b1782dfb41f5,38109,CENTURY MUSIC PUB CO INC,360317846,MAR-TUNE MUSIC,87981416,425031,SONGS OF UNIVERSAL INC,not found,not found,not found
61,Moment of Surrender,U2,"2010-10-08: Stadio Olimpico, Rome, Italy",U2,U2 Kiwi,['0000000121505903'],not found,b1f3562f-ab9b-429a-aaa6-3a5ac8e96b22,not found,not found,433831115,UNIVERSAL MUSIC CORPORATION,31312147,10433626,UPALA MUSIC INC,not found,not found,not found
62,The rising,Bruce Springsteen,Springsteen on Broadway,Traditional,The Boss,['0000000121418834'],['00076333277'],1c8c9414-4c04-42b0-9a55-a7a6278577ae,130497,FILMTRAX INC,502210039,BBC WORLDWIDE MUSIC,263793536,15875409,SONGS OF UNIVERSAL INC,100051071,"TOWSER TUNES
",347220
63,Yellow,Coldplay,LIVE - Paris 2008.02.27,Chris Martin,Cold Play,['000000011551394X'],not found,a1a1697c-7fcf-4628-84e4-ae2acdbfb039,12802,KENDOR MUSIC INC,550070065,not found,not found,9242383,not found,100048036,INNOCENT BYSTANDER,334034106
64,One more time,Daft Punk,BEST OF ELECTRO STEP,Thomas Bangalter,Duft Punk,['0000000123531208'],not found,eb2afe23-cdb8-4809-9498-7b95443904c4,117295,ROBERTS & BRADSHAW MUSIC,150023382,not found,not found,5404295,TTUFF TTONY MUSIC,100054101,HUDMAR PUBLISHING CO INC,14526117
65,Take me out,Franz Ferdinand,"Live at Forest National Club, Brussels",Alex Kapranos,"Ferdinand, Franz",not found,not found,cb7ee449-3ae8-4eb7-b864-c90716cd60bf,148345,JERRY LA ROSA MUSIC,500345620,UNIVERSAL MUSIC CORPORATION,31312147,9905295,:GO BACK TO SLEEP MUSIC,not found,not found,not found
66,Gold Digger,Kanye West,Rectangle's Big Adventure,Kanye west,Kanye Omari West,"['0000000116557565', '0000000362939198']","['00335677734', '00451108296']",c6fad580-504a-4a0a-9ee4-19d63848b69c,539559,RELIABLE SOURCE MUSIC LIMITED,370199303,NEW ORLEANS KOLAB INTERNATIONAL MUSIC,246044388,7583980,EMI BLACKWOOD MUSIC INC,not found,not found,not found
67,Everything in its right place,Radiohead,"2003-06-02: Musique Plus, Montréal, QC, Canada",Radiohead,r/head,['0000000115475162'],not found,ac56d103-b8d5-42aa-a8e3-36679006554f,not found,not found,350273377,WARNER CHAPPELL MUSIC LTD,160187388,25285812,B LION MUSIC,not found,not found,not found
68,Umbrella,Rihanna,not found,Christopher Stewart,not found,['0000000114766419'],"['00479976469', '00479976665', '00486793099']",242439c5-476a-4ac4-9be5-9118df9f2340,24137,CHART-MUSIC PUBL HOUSE INC,510148995,UNIVERSAL POLYGRAM INTERNATIONAL PUBLISHING INC,343892736,4077242,LOUD MOUSE MUSIC,100084111,WE ARE CREATIVE NATION,816507735
69,Cry me a river,Justin Timberlake,100x Liefde: Editie 2010,Justin Timberlake,Justin Randall Timberlake,['000000011450569X'],['00345256954'],52c5b750-04ee-4fdb-b37d-289f049759c3,26921,J M HENSON MUSIC CO,330112417,CHAPPELL-CO INC,5876870,261641,EMBASSY MUSIC CORPORATION,not found,not found,not found
70,Lose yourself,Eminem,Hip Hop da Moda,Eminem,Ominem,"['0000000117699370', '0000000368611900']","['00354929235', '00354929431']",69e8e5b0-89d5-4cfc-9dfc-49e1aea57290,94038,not found,420634282,REDD MONSTER PUBLISHING,338714548,6152528,EIGHT MILE STYLE MUSIC,100001861,MORE WATER FROM NAZARETH PUBLISHING INC,602234598
71,Beautiful day,U2,Kings of the Castle,U2,U2 Kiwi,['0000000121505903'],not found,1fbcbaeb-98cb-4e99-9dd1-a990d1654a55,10607,HALDOR LILLENAS,320162598,MARLOWLYNN LTD,160210919,16126288,ACHTOBER SONGS,100055005,not found,not found
72,Seven nation army,The White Stripes,not found,Jack White,not found,['0000000122537931'],not found,48c29ccd-219d-4f72-b697-a2b2a976bdba,767800,1980 PUBLISHINGS,883982004,EMI MUSIC PUBLISHING LTD,87019563,6406560,PEPPERMINT STRIPE MUSIC,not found,not found,not found
73,Hey ya,OutKast,Veronica album top 1000 allertijden,Andre 3000,Outcast.,['000000011537277X'],not found,e864d32b-7ceb-4657-9696-250487a91f68,22940,S H E BROADCAST PRODUCTIONS CO,380786570,BMG MONARCH,744673419,563859,EMI UNART CATALOG INC,not found,not found,not found
74,Crazy in Love,Beyonce,Hits for Kids 11,Rich Harrison,Beyoncé Knowles-Carter,['0000000114914936'],['00341826274'],273dd76a-748c-4c55-926f-4e3af78ecbb1,507905,ASIAMARK PUBLISHING,330302177,EMI JEMAXAL MUSIC INC,340111233,6483135,EMI BLACKWOOD MUSIC INC,100058608,WARNER-GRANDVIEW MUSIC,not found
75,All my friends,Snakehips,Beach Club,Snakehips Cass Lowe,not found,not found,not found,87973e8c-a38e-4538-97f0-d03e28b9e68a,697953984,UNIVERSAL POLYGRAM INTERNATIONAL TUNES INC,310134100,CHAPPELL-CO INC,5876870,8677292,BMG BUMBLEBEE,100071213,MUSIC BY SMITH,847397783
76,Mr brightside,The Killers,We Won't Stop: A Compilation of Covers for ACLU,Brandon Flowers,"Killers, The",not found,not found,d6723cb9-6825-4bbc-acd3-e1f2536f2b7c,652329,BREUKELEN MUSIC PUBLISHING,not found,not found,not found,5712077,not found,not found,not found,not found
77,Single Ladies,Beyonce,Life Is but a Dream / Live in Atlantic City,Beyonce Knowles,Beyoncé Knowles-Carter,['0000000114914936'],['00341826274'],92e37099-d566-41ce-9e67-af0063f00509,not found,not found,496106737,2082 MUSIC PUBLISHING,461641073,13976976,CONCORD COPYRIGHTS,not found,not found,not found
78,Pyramid Song,Radiohead,Amnesiac,Radiohead,r/head,['0000000115475162'],not found,45e6908d-b34d-422f-b7a1-1f37e18f9aa0,not found,not found,460463098,WARNER CHAPPELL MUSIC LTD,160187388,5930855,AGE OF REASON,not found,not found,not found
79,My city of ruins,Bruce Springsteen,Greetings From Asbury Park,not found,The Boss,['0000000121418834'],['00076333277'],707d38e8-c4bb-42a8-ab24-838bef92a062,688604838,ZFC MUSIC,430700208,not found,not found,not found,not found,100051952,SPRINGSTEEN BRUCE,36951665
80,Stillness is the move,Dirty Projectors,NBA2K13,not found,The Dirty Projectors,not found,not found,291a3267-b560-410a-bc33-e66fb4a26156,687017,DOMINO PUB COMPANY OF AMERICA,not found,not found,not found,16445813,EASY TEMPO,not found,not found,not found
81,You Should Be Sad,Halsey,Manic,Ashley Frangipane,Ashley Nicolette Frangipaine,['0000000451160151'],['00739536702'],b60b799c-1ec3-4f64-affc-250797d27f58,not found,not found,906285786,EMI APRIL MUSIC INC,128633767,41125317,17 BLACK MUSIC,not found,not found,not found
82,Imported,Jessie Reyez,Being Human in Public,Jessie Reyez,not found,['0000000467123611'],not found,912a271a-f670-4e66-90bb-4fedf4403bcb,828111,UNIVERSAL TUNES,880946679,GOOD EARNER,602346485,30489536,not found,not found,not found,not found
83,All in My Head,Fifth Harmony,All in My Head (Flex),Dinah Jane,1432,not found,not found,41f2587a-78c6-4420-8fb1-64af4c957790,661341,SONGS WITHOUT BORDERS,10117410,WARNER CHAPPELL MUSIC FINLAND OY,255295942,22604,ORIGINAL SINSONGS,100061356,PLEASE DON'T FORGET TO PAY ME MUSIC,799869431
84,All the Cool Girls,Hailey Whitters,The Dream,Tove Nilsson,Hailey Faith Whitters,not found,['00594086123'],83ce3218-2865-4005-8fd9-af63c945531e,not found,not found,893862537,INKOMPETENT KOSMONAUT PUBLISHING,716467234,28636815,BIG ASS PILE OF DIMES MUSIC,not found,not found,not found
85,No Time to Die,Billie Eilish,No Time to Die,Billie Eilish,Billie Eilish Pirate Baird O’Connell,['000000046748058X'],['00792187700'],14848e6d-61fa-49f2-9e22-883e285a3a76,155254,G I A PUBLICATIONS INC,884374127,WE ARE UNIFIED PTY LTD,652015382,1079354,not found,not found,not found,not found
86,Fried for the Night,Tokimonsta,Fried for the Night,Gerald Fried,tokimonsta,not found,not found,15c06879-cd1a-4b82-b89d-0bb8f36a388b,not found,not found,906500038,TOKIMONSTA PUBLISHING,701802682,42076865,DOCTUR DOT PUBLISHING,not found,not found,not found
87,Stupid Love,Lady Gaga,not found,Lady Gaga,not found,['0000000120254559'],"['00519338344', '00519338442', '00519338540']",0f634815-6661-42cc-b464-c9923605ad22,609525,EMI BLACKWOOD MUSIC INC,490692883,PW ARRANGEMENTS,859139694,42419194,HOUSE OF GAGA PUBLISHING LLC,100044650,MATZA BALL MUSIC,527859803
88,Like A prayer,Madonna,not found,Madonna,not found,['000000010782262X'],"['00125053706', '00128246872', '00211854787']",df1df10b-19cd-4a35-b9b5-874cdaa33998,555993,AVIATRIX MUSIC,420346361,BLEU DISQUE MUSIC CO INC,3383615,871600,JOHNNY YUMA MUSIC,not found,not found,not found
89,Smoke on the water,Michael Sweeney,"Afskedsalbum, Volume 1",Ritchie Blackmore,not found,not found,not found,6d609b65-ca99-4c9d-8ece-45142558aa4d,60499269,HAUS COLLECTION MUSIK,490306826,GLENWOOD MUSIC CORP,12050846,1360413,ADAMS VEE AND ABBOTT INC,not found,not found,not found
90,Rock you like a Hurricane,Scorpions,Live in 3D: Get Your Sting & Blackout,Rudolf Schenker,The Scorpions,['0000000110916387'],not found,73d99d26-18a3-4847-b77d-04468c20942d,not found,not found,480180463,EDITION ARABELLA MUSIK MUENCHEN,232906286,not found,not found,not found,not found,not found
91,Losing My Religon,Brooklyn Vegan,Angels & Demons,Bill Berry,not found,not found,not found,b7c768cc-922b-4584-adb5-c61281d360f7,not found,not found,not found,not found,not found,not found,not found,not found,not found,not found
92,Good Riddance,McConnell's,Empathica,Billie Joe Armstrong,not found,['000000000312937X'],not found,8d299549-f9bf-4797-bdfc-57c445e13ee1,556943,GREEN DAZE MUSIC,370405777,OZONENIX PUBLISHING,489904003,3710941,DOWNTOWN DMP SONGS,not found,not found,not found
93,Welcome to the Jungle,Alessandro Pasetti,GOLL & RESPONSE,Guns N Roses,Scarlatti,['0000000121253953'],not found,aefe666f-887d-4e62-b794-328fe0756fea,575895,GUNS N' ROSES MUSIC,530320082,BLACK FROG MUSIC,345597038,1625614,STARWILD MUSIC,100055401,BLOOD MERIDIAN,847397685
94,Tears in Heaven,Phoebe Bridgers,"Rolling Stone: New Noises, Vol. 136: Let Love In",Eric Clapton,not found,not found,not found,05a66fd3-6e5d-455f-9d3c-85fe64992d26,64545,VAUGHAN JAMES D MUSIC PUBLISHER,502211618,not found,not found,1463453,BLUE SKY RIDER SONGS,not found,not found,not found
95,Nothing Eles Matters,Metallica,"2014-06-28: Glastallica: Glastonbury, Worthy Farm, Pilton, UK",James Hatfield,Metalica,['0000000122939631'],not found,78bcb172-fef9-4421-9e1b-389268893083,not found,not found,not found,not found,not found,not found,not found,not found,not found,not found
96,Livin On A Prayer,Benjamin chase,Historical Misappropriation,Jon Bon Jovi,B. Britten,['0000000121181099'],['00004252041'],9819de5e-2bfd-481a-a049-41e5e6b59f69,602002,BMG SILVER SONGS US,420325553,AGGRESSIVE MUSIC,129573848,15177678,TUNECORE DIGITAL MUSIC,100050590,BON JOVI PUBLISHING,126061999
97,Comforitably numb,Pink floyd's,Miami 1994,David Gilmour,Pink Floid,['0000000109397559'],not found,cb2f5089-1d30-4feb-8c05-dfc127216869,not found,not found,not found,not found,not found,not found,not found,not found,not found,not found
98,Sweet child O' mine,Billboard,Live at Backstage Munich 2006,Guns N Roses,Billboard Matt,not found,['00519444445'],446b75dc-de9d-47ed-bbf9-85e23a7b1cbe,689864622,GUNS N' ROSES MUSIC,497094696,GUNS N' ROSES MUSIC,127501401,19016923,not found,100055382,BLOOD MERIDIAN,847397685
99,Another Brick in the wall Part 2,Bassist rogers,Pop Psychology,Roger Waters,Kenny Rodgers,['0000000073670305'],not found,34b6f940-a99d-4b0b-a678-1fddf7a6bdea,not found,not found,not found,not found,not found,14652106,BMG PLATINUM SONGS US,not found,not found,not found
100,Walk this Way,Elaine cushman,Rock for the Rising Sun,Steven Tyler,not found,not found,not found,24baa43c-daf8-4ac5-9fa1-c75a740bd4fa,162146,SCHMIDT-A-P CO,530352575,not found,not found,1599866,MUSIC OF STAGE THREE AEROSMITH ACCOUNT,not found,not found,not found
101,Good Vibrations,The Beach boys,not found,Brian Wilson,not found,['0000000121941107'],not found,1629396f-9a3d-4d01-88e1-acabd5dd1507,703132,DASHING SUNS MUSIC,370131072,KPM APM,445332863,497382,IRVING MUSIC,not found,not found,not found
102,Let it Be,The Beatles,not found,John Lennon,not found,['0000000121707484'],not found,0979cc7c-fd48-4c82-827d-7919ed1c3069,1790,EMANDELL TUNES,420021372,UNIVERSAL MUSIC CORPORATION,31312147,852033,not found,100081917,HARRISONGS LTD,not found
103,A Day in the Life,The Beatles,not found,John Lennon,not found,['0000000121707484'],not found,27ae9c34-36c7-43f6-8f7d-fe775b151bc1,554564,JERSONGS,310405415,COSMIC LOUNGE MUSIC INC,337648927,282496,not found,100065813,TEMPO INVESTMENTS/SMACK HITS,not found
104,Wont Get Fooled Again,The Who,Fox on the Run (Sonic Glitter Version),Pete Townshend,High Numbers,['0000000123373203'],not found,333a67e6-a1ec-4d14-a3d4-31595a539f62,not found,not found,530595018,not found,not found,27995725,ABKCO MUSIC INC,100051063,TOWSER TUNES,347220
105,November Rain,Guns N Roses,not found,Axl Rose,not found,['0000000121589641'],not found,b45825e8-3c3e-4758-a507-983921fc0247,575897,GUNS N' ROSES MUSIC,440194612,GUNS N' ROSES MUSIC,127501401,1090025,not found,100055334,BLOOD MERIDIAN,847397685
106,Hotel California,Eagles,not found,Don Felder,not found,['0000000115265624'],not found,43517663-d2e4-47af-87d7-eb1ffe6cf0fe,1078499,BMG RIGHTS MANAGEMENT (UK) LIMITED,380174570,FINGERS MUSIC,88231955,6576413,REVERB AMERICA MUSIC,100041852,CASS COUNTY MUSIC CO,88231759
107,Born To Run,Bruce Springsteen,Springsteen on Broadway,Bruce Springsteen,The Boss,['0000000121418834'],['00076333277'],e8cc15ab-9d87-4a3a-8885-2b484c1ed729,722588,PULSE WORLDWIDE,320192967,not found,not found,140758,IRVING MUSIC,100051785,SPRINGSTEEN BRUCE,36951665
108,Like a Rolling Stone,Bob Dylan,Uncut Unplugged,Bob Dylan,Robert Allen Zimmerman,['0000000121479733'],"['00008955074', '00008955172']",6b564dc1-c178-4419-a833-3495ba190aab,514773,SPECIAL RIDER MUSIC,889717712,GZ 2538 S.R.L.,184868614,871651,UBU PROJEX,not found,not found,not found
109,Bohemian Rhapsody,Queen,Live at Wembley Stadium,Freddie Mercury,not found,['0000000115265309'],not found,acef58d0-d72f-4809-b8e0-c6f042480e17,10007881,BRICK AND MOTOR LOVE IS WORN,320199817,QUEEN MUSIC LTD,46593362,5276058,FEIERABEND MUSIC,not found,not found,not found
110,"No Woman, No Cry",Bob marley,Legend Remixed,Vincent Ford,Bobby Martell,['0000000122768131'],"['00019675460', '00034755283', '00581446340']",87f85930-7f50-4a10-8d8b-068623bff5a5,695045,JARED PIZARRO PUBLISHING,897406651,MORGANACTIVE SONGS INC,126837953,1080253,UNIVERSAL SONGS OF POLYGRAM INTERNATIONAL INC,not found,not found,not found
111,You’ve Lost That Lovin’ Feeling,The Righteous Brothers,Retrospective,Phil Spector,Righteous Brothers,['0000000090086047'],not found,e152c517-3722-4964-899c-6fa02535dacb,not found,not found,440085552,BLACKWELL FULLER MUSIC PUBLISHING LLC,659427604,not found,not found,not found,not found,not found
112,Sympathy For The Devil,The rolling stones,not found,Jagger,not found,['0000000121924040'],not found,d4de3b09-3436-44c7-a95c-f7264657afcd,999988,DEFENSIVE MUSIC PUBLISHING,492616872,EL NEGRO MUSIC PUBLISHING,349764907,1444456,ABKCO MUSIC INC,not found,not found,not found
113,I Walk The Line,Johnny cash,I Walk the Line...Songs of Love,Johnny Cash,Johhny Cash,['0000000108823456'],['00005462217'],9c6869b0-f618-44a0-b56f-0dd0b88122b2,not found,not found,394031957,KASSNER ASSOC PUBL LTD,54570188,687432,HOUSE OF CASH INC,not found,not found,not found
114,People Get Ready,Curtis Mayfiled,Give It Up: The Best of the Curtom Years 1970–77,Curtis Mayfield,not found,not found,not found,f029be32-4fbc-4294-a6c4-4c5065dd06eb,537627,SUNRISE 7 MUSIC PUBLISHING,460347786,EMI APRIL MUSIC INC,128633767,1164443,MIJAC MUSIC,not found,not found,not found
115,Baba O’Riley,The Who,Discover More Classic Rock,Pete Townshend,High Numbers,['0000000123373203'],not found,0311e3c1-064d-41e3-b13d-3d593227dd2a,not found,not found,not found,not found,not found,70063,ABKCO MUSIC INC,not found,not found,not found
116,Be My Baby,The Ronettes,"2012-10-18: NYCTaper CMJ Day Show, Cake Shop, New York, NY, USA",Jeff Berry,Ronettes,not found,not found,f5703d80-a9d1-48a7-91e0-96bf85d4844b,4932,AUGSBURG FORTRESS PUBLISHERS,320024086,LEO TALENT # MUSIC PUBLISHERS,853875789,1450428,UNICHAPPELL MUSIC INC,100043976,MATZA BALLZACK MUSIC,680678212
117,Behind Blue Eyes,Limp Bizkit,Behind Blue Eyes,Pete Townshend,Limp Biskit,['0000000123149113'],not found,72f405ad-739f-4748-a2f0-99636da4d383,57808399,RESL MOTION AUDIO,321067172,THIRSTY MOON RIVER PUBLISHING,336864633,101422,ALLEY MUSIC CORP,100050982,TOWSER TUNES,347220
118,Hound Dog,Elvis Presley,The Essential Elvis Presley,Leiber,Elvis Aaron Presley,['0000000121241960'],"['00056021705', '00056021803', '00058226279']",8debe8d9-a657-4a93-b37f-0f5363c71958,648183,SHALOHA MUSIC,334500035,BWN MUSIC,541197262,94632,SONY/ATV SONGS LLC,not found,not found,not found
119,Rock Around The Clock,Bill Haley,Stray Cats Ball: No Dogs Allowed,Max C Freedman,"William John Clinton Haley, Jr.",['0000000114786233'],['00013220646'],ce9a5438-7396-40ec-a2be-459065197273,not found,not found,610360824,not found,not found,1799969,not found,not found,not found,not found
120,Here Comes The Sun,The Beatles,not found,George Harrison,not found,['0000000121707484'],not found,2bce82ed-a5dc-49f2-95e3-915a9c9244c5,712760,CAREERS BMG MUSIC PUBLISHING,380141908,HARRISONGS LTD,42089299,557846,PARKER MUSIC,100083762,HARRISONGS LTD,not found
121,You Really Got Me,The Kinks,Live à la nouvelle star,Ray Davies,Muswell Ravens,['0000000115404823'],not found,f2393e57-11c5-4ed6-b83f-1696a72e5d44,650256,CHRISTALEEP,550578679,SONY/ATV TUNES LLC,338164558,1733421,JAY-BOY MUSIC CORP,100050689,BON JOVI PUBLISHING,126061999
122,Purple Haze,Jimi Hendrix,not found,Jimi Hendrix,not found,['0000000110259073'],['00041212145'],01bce79d-7186-421e-97e8-0cbac0b28297,12853944,CAPTAINGETDOWN,460117248,EXPERIENCE HENDRIX LLC,338387727,28205641,ROBERT STERLING MUSIC PUBLISHING,not found,not found,not found
123,What A Wonderful World,Louis Armstrong,not found,Bob Thiele,not found,['0000000110198071'],['00001334546'],084e7ef5-7702-4137-aec8-05a691afeae3,507252,TWINS STING,530035800,CHAPPELL-CO INC,5876870,1629736,ABKCO MUSIC INC,not found,not found,not found
124,The Sound Of Silence,The Kinks,Rock and Roll Forever / Now Playing,Paul Simon,Muswell Ravens,['0000000115404823'],not found,47b367f8-1f53-48b4-ace2-a73c6034ea48,1059121,THINK MUSIC,884540853,GAMMA STRENGTH PUBLISHING,471724452,38656025,TUNECORE DIGITAL MUSIC,not found,not found,not found
125,A Day In The Life,The Beatles,not found,John Lennon,not found,['0000000121707484'],not found,27ae9c34-36c7-43f6-8f7d-fe775b151bc1,554564,JERSONGS,310405415,COSMIC LOUNGE MUSIC INC,337648927,282496,not found,100065813,TEMPO INVESTMENTS/SMACK HITS,not found
126,Light My Fire,The Doors,Covers 1995,Jim Morrison,Jim Morrison & the Doors,"['0000000115160232', '0000000412022725']",not found,7935d905-fa46-4c27-81eb-f3f987b5e2f7,37456,SCHMIDT-A-P CO,420138596,DOORS MUSIC COMPANY,41943490,870167,CHRIS WHITE MUSIC,not found,not found,not found
127,Paint It Black,The Rolling Stones,not found,Jagger,not found,['0000000121924040'],not found,6c8a950d-5401-44da-8726-94e22cba5b81,806530,GOOD SONGS PUBLISHING A/S,460278655,UNIVERSAL MUSIC CORPORATION,31312147,1147261,ABKCO MUSIC INC,not found,not found,not found
128,All Along The Watchtower,Jimi Hendrix,not found,Bob Dylan,not found,['0000000110259073'],['00041212145'],bf69a92d-8af9-4689-af27-7b884ec3463d,514986,All Along The Watchtower,883156235,HITS FROM DA BONG MUSIC,338093750,25467176,TUNECORE DIGITAL MUSIC,not found,not found,not found
129,Stairway To Heaven,Led Zeppelin,not found,Jimmy Page,not found,['0000000123483226'],not found,5e6a4e7f-9d6c-43f2-aac2-d567755683b5,543342,BARCAROLE PUBLISHING,490294198,SUPERHYPE PUBL INC,39888619,1400435,NEIL SEDAKA MUSIC,not found,not found,not found
130,God Only Knows,The Beach Boys,not found,Bran Wilson,not found,['0000000121941107'],not found,fd5b85ef-0935-4f73-a944-8e78a550b736,546292,GUYER SONGS,370128433,COLGEMS EMI MUSIC INC,10397316,484174,MARQUIS SONGS USA,not found,not found,not found
131,Family Affair,Mary J Blige,"Hot 97: Blazing Hip-Hop and R&B, Volume 19",Mary J Blige,Mary J.Blidge,['000000006310393X'],['00336896223'],971f0c5a-a000-4d86-a456-dd1957ce7645,567855,AIN'T NOTHING BUT FUNKIN' MUSI,360005067,not found,not found,5577656,COLORSCAPES PUBLISHING,not found,not found,not found
132,Pyramid Song,Radiohead,Amnesiac,Radiohead,r/head,['0000000115475162'],not found,45e6908d-b34d-422f-b7a1-1f37e18f9aa0,not found,not found,460463098,WARNER CHAPPELL MUSIC LTD,160187388,1213776,UNICHAPPELL MUSIC INC,not found,not found,not found
133,My City of Ruins,Bruce Springsteen,Greetings From Asbury Park,Bruce Springsteen,The Boss,['0000000121418834'],['00076333277'],707d38e8-c4bb-42a8-ab24-838bef92a062,688604838,ZFC MUSIC,430700208,not found,not found,not found,not found,100051665,SPRINGSTEEN BRUCE,36951665
134,Heartbeats,The Knife,not found,Karin Dreijer,not found,not found,not found,25e4be39-206d-484e-aea3-0871dcf4fad2,53653,DOTS AND LINES INK,380031983,not found,not found,547568,BMG PLATINUM SONGS US,100064011,SPRUCE ROAD PUBLISHING,799432288
135,Try Again,Aaliyah,I Care 4 U,Stephen Garrett,Aaliyah Dana Haughton,['0000000059585374'],not found,3485853e-e8cc-4d15-97cb-ba74f9f273d7,88448,CINETICS MUSIC,500120390,WALT DISNEY MUSIC COMPANY,580810454,1550800,SONGS OF UNIVERSAL INC,100078077,FOX GLOBAL MUSIC INC,801538365
136,Stillness Is the Move,Dirty Projectors,NBA2K13,not found,The Dirty Projectors,not found,not found,291a3267-b560-410a-bc33-e66fb4a26156,687017,MEMORY FOAM,not found,not found,not found,16445813,EASY TEMPO,not found,not found,not found
137,Standing in the Way of Control,Gossip,Leave Them All Behind 2,Hannah Blilie,The Gossip,not found,not found,8aa38ad1-378f-428a-a108-c067f62c7e1f,not found,not found,493203815,DARK LIVES MUSIC,484372531,not found,not found,not found,not found,not found
138,Dirt Off Your Shoulder,Jay-D,The Black Album,Shawn Carter,not found,not found,not found,9d4c57fe-ba72-40d5-8bf0-c9c85825bee0,not found,not found,340964578,CARTER BOYS MUSIC,586631515,7427244,BIG BAD MR HAHN MUSIC,not found,not found,not found
139,Get The Party Started,P!nk,Live From Wembley Arena,Linda Perry,Pink,['000000012028175X'],['00342943558'],9f8d6ce7-6fd3-4f9c-a9f5-80b9805ef88e,not found,not found,370990055,CLOVER BEATS SONGS,880157722,14387559,THE REDEMPTIVE PROCESS,not found,not found,not found
140,Gone Gone Gone,Phillip Phillips,iTunes Session,Derek Fuhrmann,Philips Philip,['0000000381070950'],['00688226308'],b45d16cf-c4bf-4bfa-b9c2-245a5423b18c,1458,VAUGHAN JAMES D MUSIC PUBLISHER,370038263,DUBOSE AND DOROTHY HEYWARD MEMORIAL FUND PUB,239948418,539929,GOOD OL HARLAN SONGS,100002948,not found,334307783
141,Not Ready to Make Nice,The chicks,Playlist: The Very Best of Dixie Chicks,The Chicks,The Dixie Chicks,not found,not found,84f946f0-6653-4ce9-83cd-585f060291db,not found,not found,441117337,BMG MONARCH,744673419,8055950,SONGS OF KOBALT MUSIC PUBLISHING,not found,not found,not found
142,Hung Up,Madonna,not found,Madonna,not found,['000000010782262X'],"['00125053706', '00128246872', '00211854787']",31a6b752-291c-456f-ade5-f4b85545e6df,13407,H T FITZSIMONS CO INC,380599568,DICK LITTLE PUBLISHING,342839647,15507115,ALEXEI MISOUL MUSIC,100061283,WE ARE CREATIVE NATION,816507735
143,Wolf Like Me,Tv on the Radio,"2008-10-11: Lupo's Heartbreak Hotel, Providence, RI, USA",Tunde Adebimpe,not found,['0000000121781377'],not found,77e99530-723f-47d9-825e-06a22e79a981,not found,not found,531838316,BMG MONARCH,744673419,15463941,CD BABY BETA,not found,not found,not found
144,No One Knows,Queens of the Stone Age,Dave Fanning's Fab 50 Vol. 2,Josh Homme,Queen Of Stoneage,['0000000086738559'],not found,c132709c-ad22-4279-86f0-344c9cf0e8f3,108209,CLAYTON-NORMAN PUBL CO,440028882,3 SEAS MUSIC CORPORATION,337998108,6139627,BOARDSTIFF MUSIC INC,100051395,not found,not found
145,Use Somebody,Kings Of Leon,2Cellos,Caleb Followill,not found,['0000000122901684'],not found,8c0e7d66-7b55-4cf8-9597-6d8dd5472468,51865970,EMI APRIL MUSIC INC,884869871,ANOZIRA PUBLISHING,419184354,9856673,not found,not found,not found,not found
146,I Bet You Look Good On The Dance Floor,Arctic Monkeys,Isles of Wonder: Music for the Opening Ceremony of the London 2012 Olympic Games,Alex Turner,The Arctic Monkeys,['000000012270850X'],not found,ec158537-8def-4dec-924f-94d976a0fad8,not found,not found,not found,not found,not found,not found,not found,not found,not found,not found
147,Viva La Vida,Coldplay,Big Hits - 2009,Guy Berrymen,Cold Play,['000000011551394X'],not found,5ce88d3e-fff7-4da9-a02e-8399b9241d30,1060578,UNIVERSAL MUSIC PUBLISHING S A,520017723,EMI FEIST CATALOG INC,128632770,886854,SCREEN GEMS-EMI MUSIC INC,not found,not found,not found
148,Boulevard of Broken Dreams,Green day,Thaumatrope,Billie Joe Armstrong,Greenday,['0000000122711282'],not found,9ec5ecee-92b3-4aa8-aeeb-c866da2dec11,575878,GREEN DAZE MUSIC,320082120,WARNER BROS INC (WARNER BROS MUSIC DIV),58855632,143067,LONPORT MUSIC INC,not found,not found,not found
149,Vertigo,Irish rock band U2,Vertigo in Mexico City,Thomas Narcejac,U2 Kiwi,['0000000121505903'],not found,cf4ce2dd-a10e-45e9-81c1-259720f34d87,160770,FILMTRAX INC,220036977,WC MUSIC CORP,53026414,1584458,EMI GOLD HORIZON MUSIC CORP,100002799,ROCK DOG MUSIC,125248492
150,Are You Gonna Be My Girl,Australian rock band Jet,Greatest Ever! Festival Anthems: The Definitive Collection,Nic cester,not found,not found,not found,d56397e4-e84d-4e98-b1a0-271ef88b9a8f,not found,not found,310600025,BMG RIGHTS MANAGEMENT (AUSTRALIA) PTY LTD,803377056,3800482,LOOKS MUSIC,not found,not found,not found
151,Irreplaceable,Beyonce,"Planète Rap 2007, Volume 2",Shaffer Smith,Beyoncé Knowles-Carter,['0000000114914936'],['00341826274'],8fc91e1d-9ba4-4a02-94d5-d0077700a04b,663229,ZODLOUNGE MUSIC,390804281,DECEMBER 10TH,462557050,7968400,STELLAR SONGS LIMITED,not found,not found,not found
152,Hard to Explain,The strokes,not found,Julian Casablancas,not found,['0000000115477790'],not found,46bd3ddd-d910-4fa1-8eb5-9d6053f3794b,not found,not found,380519966,BMG GOLD SONGS,601191692,526770,SAY-BAH MUSIC,not found,not found,not found
153,Fell In Love With a Girl,The White Stripes,"Random Remixes, Vol.6",Jack White,The Redd & White Stripes,['0000000122537931'],not found,aff1e933-6d14-449b-8d1f-5d40e8128963,not found,not found,881780485,SOUNDFILE PUBLISHING,451979225,5807803,PEPPERMINT STRIPE MUSIC,not found,not found,not found
154,New Slang,The shins,"2003-09-21: Austin City Limits, Austin, TX, USA",James Mercer,Shins,not found,not found,978cf28a-6877-4bef-9310-644ca8b67273,702009,SONGS OF IONIC MUSIC,894702844,CD BABY ALPHA MUSIC,697403510,5739412,LETTUCE FLAVORED MUSIC,not found,not found,not found
155,The Scientist,Coldplay,LIVE - Paris 2008.02.27,Chris Martin,Cold Play,['000000011551394X'],not found,10499007-499b-4ac3-a762-a20c6baa8430,517234,MARCELLI MUSIC,501633898,MOSH RAVE PUBLISHING,448476126,8009296,BRUIN MUSIC COMPANY,not found,not found,not found
156,House of Jealous Lovers,The Rapture,Echoes Remixes,Luke Jenner,not found,['0000000106727153'],not found,6511ecfb-990c-43f4-98d1-dc5b78ee9eb0,not found,not found,380602982,HUNG UP ON A DREAM,408068270,not found,not found,not found,not found,not found
157,Beautiful,Christina Aguilera,Keeps Gettin' Better: A Decade of Hits,Linda Perry,Christina Aquilera,['000000005518483X'],['00426316475'],d5c1f675-551b-41a3-9da0-08dbcf93b07e,2749,BROADMAN-PRESS,320027387,JEWEL MUSIC PUBLISHING CO INC,15310339,6340394,EMI BLACKWOOD MUSIC INC,100055514,APOCRAPHEX,437803450
158,Single Ladies,Beyonce,Life Is but a Dream / Live in Atlantic City,Beyonce ,Beyoncé Knowles-Carter,['0000000114914936'],['00341826274'],92e37099-d566-41ce-9e67-af0063f00509,not found,not found,496106737,2082 MUSIC PUBLISHING,461641073,13976976,CONCORD COPYRIGHTS,not found,not found,not found
159,Mr. Brightside,The Killers,We Won't Stop: A Compilation of Covers for ACLU,Brandon Flowers,"Killers, The",not found,not found,d6723cb9-6825-4bbc-acd3-e1f2536f2b7c,not found,not found,not found,not found,not found,5712077,not found,not found,not found,not found
160,American Idiot,Green day,American Idiot,Billie Joe Armstrong,Greenday,['0000000122711282'],not found,c7132ece-10b8-4e0e-93b2-5877fde280c6,1043368,GREEN DAZE MUSIC,311261195,V P G,447025371,26836668,CORE CATALOG,not found,not found,not found
161,Wake Up,The Vamps,"NOW 2016, Vol. 1",Hilary Duff,not found,not found,not found,3ef2432a-f263-4060-9367-644a5f2e8bbc,455,NEUTRINO MUSIC,230073275,not found,not found,28011587,EMI BLACKWOOD MUSIC INC,100068233,FOX GLOBAL MUSIC INC,801538365
162,All My Friends,Snakehips,Annie Mac Presents 2016,Snakehips ,not found,not found,not found,e37b6084-f876-41a3-ad18-c1d504972c92,697953984,UNIVERSAL POLYGRAM INTERNATIONAL TUNES INC,310134100,CHAPPELL-CO INC,5876870,8677292,BMG BUMBLEBEE,100071213,MUSIC BY SMITH,847397783
163,Clint Eastwood,Gorillaz,Gorillaz (Un-mastered Tracks),Damon Albarn,Gorilaz,['0000000114814345'],not found,5ae5489b-54bb-48f5-9df2-fd42720d66d0,957100,BMG CICADA,330723212,HAPPY HEMP MUSIC,341482380,5450554,EMI BLACKWOOD MUSIC INC,not found,not found,not found
164,Losing My Edge,LCD soundsystem,Shut Up and Play the Hits,James murphy,LCD sound system,['0000000107245674'],not found,2f8c6c63-a8a4-4ab5-a25d-377f9ef77305,54784686,BYRDHOUSE MUSIC,421476915,GUY WITH HEAD AND ARMS MUSIC,461281861,23917220,BMG PLATINUM SONGS US,not found,not found,not found
165,Moment of Surrender,U2,"2010-10-08: Stadio Olimpico, Rome, Italy",U2,U2 Kiwi,['0000000121505903'],not found,b1f3562f-ab9b-429a-aaa6-3a5ac8e96b22,not found,not found,433831115,UNIVERSAL MUSIC CORPORATION,31312147,10433626,UPALA MUSIC INC,not found,not found,not found
166,One More Time,Daft punk,BEST OF ELECTRO STEP,Max Martin,Duft Punk,['0000000123531208'],not found,eb2afe23-cdb8-4809-9498-7b95443904c4,117295,ROBERTS & BRADSHAW MUSIC,150023382,not found,not found,5404295,TTUFF TTONY MUSIC,100054101,HUDMAR PUBLISHING CO INC,14526117
167,Take Me Out,Franz Ferdinand,"Live at Forest National Club, Brussels",Alex Kapranos,"Ferdinand, Franz",not found,not found,cb7ee449-3ae8-4eb7-b864-c90716cd60bf,148345,JERRY LA ROSA MUSIC,500345620,UNIVERSAL MUSIC CORPORATION,31312147,1450617,not found,not found,not found,not found
168,A Few Words in Defense of Our Country,Randy Newman,Harps and Angels,not found,Randall Stuart Newman,['0000000108970392'],"['00022282811', '00125728769']",f91e2fe1-105c-4a18-ab73-388fda0caeb1,not found,not found,not found,not found,not found,not found,not found,not found,not found,not found
169,Such Great Heights,The Postal Service,The Best Imitation of Myself: A Retrospective (Radio Modules & Sampler),Ben Gibbard,Postal Service,['0000000094875326'],not found,2e11178f-3a19-44fb-b02f-c7394f7021c9,not found,not found,885771900,NEBO RIDGE PUBLISHING,126174393,6230492,DYING SONGS,not found,not found,not found
170,Everything in Its Right Place,Radiohead,"2003-06-02: Musique Plus, Montréal, QC, Canada",Radiohead,r/head,['0000000115475162'],not found,ac56d103-b8d5-42aa-a8e3-36679006554f,not found,not found,350273377,WARNER CHAPPELL MUSIC LTD,160187388,25285812,B LION MUSIC,not found,not found,not found
171,Cry Me a River,Justin Timberlake,100x Liefde: Editie 2010,Justin Timberlake,Justin Randall Timberlake,['000000011450569X'],['00345256954'],52c5b750-04ee-4fdb-b37d-289f049759c3,26921,J M HENSON MUSIC CO,330112417,CHAPPELL-CO INC,5876870,261641,EMBASSY MUSIC CORPORATION,not found,not found,not found
172,Since U Been Gone,Kelly Clarkson,Since U Been Gone,Max Martin,Kelly Brianne Clarkson,['0000000114370895'],not found,21414608-fdb0-4f3f-b6dd-de7e10f3ceaf,984334,TIGERSX MUSIC,492351952,THE NEIGHBORHOOD CREW PUBLISHING CO,349420852,17552528,not found,not found,not found,not found
173,Lose Yourself,Eminem,Piece of Mind,Eminem,Ominem,"['0000000117699370', '0000000368611900']","['00354929235', '00354929431']",6ecec9d0-9938-47eb-b6ae-7f92b35ea605,94038,INCONNU EDITEUR,420634282,REDD MONSTER PUBLISHING,338714548,6152528,EIGHT MILE STYLE MUSIC,100001861,MORE WATER FROM NAZARETH PUBLISHING INC,602234598
174,Time to Pretend,Brooklyn Vegan,"Hipster Dinner Party, Volume 1",not found,not found,not found,not found,2be18a03-f235-49a5-bd66-cda1de20b0a6,645559,OLD MAN FUTURE,502854531,FORSTER MUSIC PUBLISHER INC,10561238,12692433,BASED OUT MUSIC PUBLISHING,not found,not found,not found
175,Beautiful Day,Tom Hanks,X-Ray Sierra,U2,not found,['0000000121232378'],not found,fb597068-f813-4a6b-aba1-70ee51e64806,10607,HALDOR LILLENAS,320162598,MARLOWLYNN LTD,160210919,16126288,ACHTOBER SONGS,100055005,not found,not found
176,Seven Nation Army,Kake,not found,Jack White,not found,not found,not found,94c5ce06-0273-4e0f-be68-bf4a510e418c,767800,1980 PUBLISHINGS,883982004,EMI MUSIC PUBLISHING LTD,87019563,6406560,PEPPERMINT STRIPE MUSIC,not found,not found,not found
177,Paper Planes,Remi wolf,Paper Planes,Robert Connolly,not found,not found,not found,2f44f68f-2f87-4ef9-baf9-5c8b4d1fd800,663669,LIEDELA MUSIC,461849974,not found,not found,9882699,EMI BLACKWOOD MUSIC INC,100033249,TEMPO INVESTMENTS/SMACK HITS,not found
178,Crazy in Love,Beyonce,Crazy in Love (The Remixes),Rich Harrison,Beyoncé Knowles-Carter,['0000000114914936'],['00341826274'],da51898a-e78d-40b6-895f-519451089e50,507905,ASIAMARK PUBLISHING,330302177,EMI JEMAXAL MUSIC INC,340111233,6483135,EMI BLACKWOOD MUSIC INC,100058608,WARNER-GRANDVIEW MUSIC,not found
179,99 Problems,Jay-Z,The Double Black Album,Shawn Carter,Shawn Corey Carter,"['0000000118335528', '0000000368615389']","['00240089393', '00240089491', '00240089589']",6971c5c6-627b-4f92-9278-f14410f034fb,48044,LILLENAS PUBLISHING CO,440227514,AMMO DUMP,333946844,6810466,UNIVERSAL MUSIC CAREERS,not found,not found,not found
180,In Da Club,Rick Ross,Walking on Water 2,Dr Dre,W. Roberts,"['0000000058867353', '0000000368399292']","['00418516166', '00418516362']",d38a9c66-158c-46a2-8a0b-db22f5be11f9,17538,BARNHOUSE-C-L CO,390729167,MUSIQUE ET MUSIC,149008284,7394896,C AMORE MUSIC,not found,not found,not found
